,Velocity,Nasty
Velocity,1.0,0.531068249052236
Nasty,0.531068249052236,1.0
